level,value,verdict,cost_ns
1,0,reject,1393000.0
1,1,accept,2434000.0
1,2,reject,1391000.0
1,3,reject,1388000.0
1,4,reject,1438000.0
1,5,reject,1392000.0
1,6,reject,1428000.0
1,7,reject,1436000.0
1,8,reject,1433000.0
1,9,reject,1410000.0
1,10,reject,1436000.0
1,11,reject,1439000.0
1,12,reject,1402000.0
1,13,reject,1448000.0
1,14,reject,1455000.0
1,15,reject,1454000.0
1,16,reject,1442000.0
1,17,reject,1448000.0
1,18,reject,1470000.0
1,19,reject,1433000.0
1,20,reject,1460000.0
1,21,reject,1449000.0
1,22,reject,1489000.0
1,23,reject,1456000.0
1,24,reject,1464000.0
1,25,reject,1482000.0
1,26,reject,1509000.0
1,27,reject,1498000.0
1,28,reject,1533000.0
1,29,reject,1498000.0
1,30,reject,1530000.0
1,31,reject,1527000.0
1,32,reject,1536000.0
1,33,reject,1596000.0
1,34,reject,1593000.0
1,35,reject,1598000.0
1,36,reject,1605000.0
1,37,reject,1619000.0
1,38,reject,1626000.0
1,39,reject,1641000.0
1,40,reject,1654000.0
1,41,reject,1697000.0
1,42,reject,1627000.0
1,43,reject,1643000.0
1,44,reject,1672000.0
1,45,reject,1712000.0
1,46,reject,1716000.0
1,47,reject,1746000.0
1,48,reject,1719000.0
1,49,reject,1721000.0
1,50,reject,1789000.0
1,51,reject,1796000.0
1,52,reject,1813000.0
1,53,reject,1827000.0
1,54,reject,1844000.0
1,55,reject,1806000.0
1,56,reject,1877000.0
1,57,reject,1892000.0
1,58,reject,1858000.0
1,59,reject,1929000.0
1,60,reject,1941000.0
1,61,reject,1909000.0
1,62,reject,1981000.0
1,63,reject,1960000.0
1,64,reject,1978000.0
1,65,reject,1980000.0
1,66,reject,1998000.0
1,67,reject,2074000.0
1,68,reject,2055000.0
1,69,reject,2057000.0
1,70,reject,2131000.0
1,71,reject,2155000.0
1,72,reject,2176000.0
1,73,reject,2217000.0
1,74,reject,2218000.0
1,75,reject,2241000.0
1,76,reject,2263000.0
1,77,reject,2223000.0
1,78,reject,2246000.0
1,79,reject,2281000.0
1,80,reject,2298000.0
1,81,reject,2315000.0
1,82,reject,2375000.0
1,83,reject,2426000.0
1,84,reject,2393000.0
1,85,reject,2479000.0
1,86,reject,2501000.0
1,87,reject,2549000.0
1,88,reject,2481000.0
1,89,reject,2506000.0
1,90,reject,2596000.0
1,91,reject,2585000.0
1,92,reject,2674000.0
1,93,reject,2687000.0
1,94,reject,2687000.0
1,95,reject,2696000.0
1,96,reject,2773000.0
1,97,reject,2792000.0
1,98,reject,2787000.0
1,99,reject,2876000.0
1,100,reject,2851000.0
1,101,reject,2854000.0
1,102,reject,2868000.0
1,103,reject,2973000.0
1,104,reject,2986000.0
1,105,reject,2981000.0
1,106,reject,2983000.0
1,107,reject,3080000.0
1,108,reject,3066000.0
1,109,reject,3097000.0
1,110,reject,3218000.0
1,111,reject,3162000.0
1,112,reject,3271000.0
1,113,reject,3296000.0
1,114,reject,3284000.0
1,115,reject,3414000.0
1,116,reject,3409000.0
1,117,reject,3374000.0
1,118,reject,3386000.0
1,119,reject,3406000.0
1,120,reject,3440000.0
1,121,reject,3539000.0
1,122,reject,3513000.0
1,123,reject,3603000.0
1,124,reject,3599000.0
1,125,reject,0.0
1,126,reject,3650000.0
1,127,reject,0.0
1,128,reject,0.0
1,129,reject,0.0
1,130,reject,0.0
1,131,reject,0.0
1,132,reject,0.0
1,133,reject,0.0
1,134,reject,0.0
1,135,reject,0.0
1,136,reject,0.0
1,137,reject,0.0
1,138,reject,0.0
1,139,reject,0.0
1,140,reject,0.0
1,141,reject,0.0
1,142,reject,0.0
1,143,reject,0.0
1,144,reject,0.0
1,145,reject,0.0
1,146,reject,0.0
1,147,reject,0.0
1,148,reject,0.0
1,149,reject,0.0
1,150,reject,0.0
1,151,reject,0.0
1,152,reject,0.0
1,153,reject,0.0
1,154,reject,0.0
1,155,reject,0.0
1,156,reject,0.0
1,157,reject,0.0
1,158,reject,0.0
1,159,reject,0.0
1,160,reject,0.0
1,161,reject,0.0
1,162,reject,0.0
1,163,reject,0.0
1,164,reject,0.0
1,165,reject,0.0
1,166,reject,0.0
1,167,reject,0.0
1,168,reject,0.0
1,169,reject,0.0
1,170,reject,0.0
1,171,reject,0.0
1,172,reject,0.0
1,173,reject,0.0
1,174,reject,0.0
1,175,reject,0.0
1,176,reject,0.0
1,177,reject,0.0
1,178,reject,0.0
1,179,reject,0.0
1,180,reject,0.0
1,181,reject,0.0
1,182,reject,0.0
1,183,reject,0.0
1,184,reject,0.0
1,185,reject,0.0
1,186,reject,0.0
1,187,reject,0.0
1,188,reject,0.0
1,189,reject,0.0
1,190,reject,0.0
1,191,reject,0.0
1,192,reject,0.0
1,193,reject,0.0
1,194,reject,0.0
1,195,reject,0.0
1,196,reject,0.0
1,197,reject,0.0
1,198,reject,0.0
1,199,reject,0.0
1,200,reject,0.0
1,201,reject,0.0
1,202,reject,0.0
1,203,reject,0.0
1,204,reject,0.0
1,205,reject,0.0
1,206,reject,0.0
1,207,reject,0.0
1,208,reject,0.0
1,209,reject,0.0
1,210,reject,0.0
1,211,reject,0.0
1,212,reject,0.0
1,213,reject,0.0
1,214,reject,0.0
1,215,reject,0.0
1,216,reject,0.0
1,217,reject,0.0
1,218,reject,0.0
1,219,reject,0.0
1,220,reject,0.0
1,221,reject,0.0
1,222,reject,0.0
1,223,reject,0.0
1,224,reject,0.0
1,225,reject,0.0
1,226,reject,0.0
1,227,reject,0.0
1,228,reject,0.0
1,229,reject,0.0
1,230,reject,0.0
1,231,reject,0.0
1,232,reject,0.0
1,233,reject,0.0
1,234,reject,0.0
1,235,reject,0.0
1,236,reject,0.0
1,237,reject,0.0
1,238,reject,0.0
1,239,reject,0.0
1,240,reject,0.0
1,241,reject,0.0
1,242,reject,0.0
1,243,reject,0.0
1,244,reject,0.0
1,245,reject,0.0
1,246,reject,0.0
1,247,reject,0.0
1,248,reject,0.0
1,249,reject,0.0
1,250,reject,0.0
1,251,reject,0.0
1,252,reject,0.0
1,253,reject,0.0
1,254,reject,0.0
1,255,reject,0.0
3,0,reject,3867000.0
3,1,reject,3920000.0
3,2,reject,3930000.0
3,3,reject,3951000.0
3,4,accept,7174000.0
3,5,reject,3912000.0
3,6,reject,3905000.0
3,7,reject,3929000.0
3,8,reject,3909000.0
3,9,reject,3998000.0
3,10,reject,3955000.0
3,11,reject,3943000.0
3,12,reject,3940000.0
3,13,reject,3927000.0
3,14,reject,3972000.0
3,15,reject,3982000.0
3,16,reject,3955000.0
3,17,reject,3966000.0
3,18,reject,3971000.0
3,19,reject,3987000.0
3,20,reject,4147000.0
3,21,reject,3988000.0
3,22,reject,4023000.0
3,23,reject,4005000.0
3,24,reject,4043000.0
3,25,reject,4060000.0
3,26,reject,4126000.0
3,27,reject,4050000.0
3,28,reject,4065000.0
3,29,reject,4139000.0
3,30,reject,4173000.0
3,31,reject,4120000.0
3,32,reject,4148000.0
3,33,reject,4155000.0
3,34,reject,4191000.0
3,35,reject,4200000.0
3,36,reject,4212000.0
3,37,reject,4259000.0
3,38,reject,4241000.0
3,39,reject,4255000.0
3,40,reject,4291000.0
3,41,reject,4280000.0
3,42,reject,4291000.0
3,43,reject,4363000.0
3,44,reject,4390000.0
3,45,reject,4404000.0
3,46,reject,4415000.0
3,47,reject,4421000.0
3,48,reject,4481000.0
3,49,reject,4458000.0
3,50,reject,4521000.0
3,51,reject,4522000.0
3,52,reject,4562000.0
3,53,reject,4576000.0
3,54,reject,4592000.0
3,55,reject,4605000.0
3,56,reject,4640000.0
3,57,reject,4656000.0
3,58,reject,4691000.0
3,59,reject,4748000.0
3,60,reject,4793000.0
3,61,reject,4809000.0
3,62,reject,4801000.0
3,63,reject,4831000.0
3,64,reject,4856000.0
3,65,reject,4904000.0
3,66,reject,4894000.0
3,67,reject,4954000.0
3,68,reject,4994000.0
3,69,reject,5023000.0
3,70,reject,5028000.0
3,71,reject,5142000.0
3,72,reject,5128000.0
3,73,reject,5185000.0
3,74,reject,5164000.0
3,75,reject,5215000.0
3,76,reject,5257000.0
3,77,reject,5370000.0
3,78,reject,5357000.0
3,79,reject,5375000.0
3,80,reject,5433000.0
3,81,reject,5471000.0
3,82,reject,5496000.0
3,83,reject,5529000.0
3,84,reject,5586000.0
3,85,reject,5637000.0
3,86,reject,5664000.0
3,87,reject,5765000.0
3,88,reject,5752000.0
3,89,reject,5767000.0
3,90,reject,5825000.0
3,91,reject,5848000.0
3,92,reject,5943000.0
3,93,reject,6025000.0
3,94,reject,6055000.0
3,95,reject,6059000.0
3,96,reject,6108000.0
3,97,reject,6199000.0
3,98,reject,6193000.0
3,99,reject,6282000.0
3,100,reject,6347000.0
3,101,reject,6350000.0
3,102,reject,6394000.0
3,103,reject,6441000.0
3,104,reject,6510000.0
3,105,reject,6588000.0
3,106,reject,6654000.0
3,107,reject,6654000.0
3,108,reject,6716000.0
3,109,reject,6814000.0
3,110,reject,6791000.0
3,111,reject,6938000.0
3,112,reject,6947000.0
3,113,reject,7009000.0
3,114,reject,7109000.0
3,115,reject,7113000.0
3,116,reject,7238000.0
3,117,reject,7307000.0
3,118,reject,7264000.0
3,119,reject,7368000.0
3,120,reject,7387000.0
3,121,reject,7514000.0
3,122,reject,7574000.0
3,123,reject,7555000.0
3,124,reject,7671000.0
3,125,reject,7898000.0
3,126,reject,7774000.0
3,127,reject,7843000.0
3,128,reject,7952000.0
3,129,reject,7915000.0
3,130,reject,8118000.0
3,131,reject,8162000.0
3,132,reject,8223000.0
3,133,reject,8270000.0
3,134,reject,8357000.0
3,135,reject,8416000.0
3,136,reject,8444000.0
3,137,reject,8510000.0
3,138,reject,8606000.0
3,139,reject,8672000.0
3,140,reject,8743000.0
3,141,reject,8902000.0
3,142,reject,8923000.0
3,143,reject,9046000.0
3,144,reject,9023000.0
3,145,reject,9038000.0
3,146,reject,9191000.0
3,147,reject,9239000.0
3,148,reject,9310000.0
3,149,reject,9380000.0
3,150,reject,9425000.0
3,151,reject,9530000.0
3,152,reject,9570000.0
3,153,reject,9729000.0
3,154,reject,9794000.0
3,155,reject,9862000.0
3,156,reject,9957000.0
3,157,reject,9943000.0
3,158,reject,10014000.0
3,159,reject,10216000.0
3,160,reject,10369000.0
3,161,reject,10352000.0
3,162,reject,10567000.0
3,163,reject,10497000.0
3,164,reject,10550000.0
3,165,reject,10629000.0
3,166,reject,10782000.0
3,167,reject,10759000.0
3,168,reject,11000000.0
3,169,reject,10953000.0
3,170,reject,11088000.0
3,171,reject,11084000.0
3,172,reject,11424000.0
3,173,reject,11316000.0
3,174,reject,11512000.0
3,175,reject,11524000.0
3,176,reject,11631000.0
3,177,reject,11739000.0
3,178,reject,11888000.0
3,179,reject,11845000.0
3,180,reject,12028000.0
3,181,reject,12151000.0
3,182,reject,12173000.0
3,183,reject,12244000.0
3,184,reject,12439000.0
3,185,reject,12418000.0
3,186,reject,12578000.0
3,187,reject,12674000.0
3,188,reject,12710000.0
3,189,reject,12912000.0
3,190,reject,13035000.0
3,191,reject,0.0
3,192,reject,13105000.0
3,193,reject,0.0
3,194,reject,0.0
3,195,reject,0.0
3,196,reject,0.0
3,197,reject,0.0
3,198,reject,0.0
3,199,reject,0.0
3,200,reject,0.0
3,201,reject,0.0
3,202,reject,0.0
3,203,reject,0.0
3,204,reject,0.0
3,205,reject,0.0
3,206,reject,0.0
3,207,reject,0.0
3,208,reject,0.0
3,209,reject,0.0
3,210,reject,0.0
3,211,reject,0.0
3,212,reject,0.0
3,213,reject,0.0
3,214,reject,0.0
3,215,reject,0.0
3,216,reject,0.0
3,217,reject,0.0
3,218,reject,0.0
3,219,reject,0.0
3,220,reject,0.0
3,221,reject,0.0
3,222,reject,0.0
3,223,reject,0.0
3,224,reject,0.0
3,225,reject,0.0
3,226,reject,0.0
3,227,reject,0.0
3,228,reject,0.0
3,229,reject,0.0
3,230,reject,0.0
3,231,reject,0.0
3,232,reject,0.0
3,233,reject,0.0
3,234,reject,0.0
3,235,reject,0.0
3,236,reject,0.0
3,237,reject,0.0
3,238,reject,0.0
3,239,reject,0.0
3,240,reject,0.0
3,241,reject,0.0
3,242,reject,0.0
3,243,reject,0.0
3,244,reject,0.0
3,245,reject,0.0
3,246,reject,0.0
3,247,reject,0.0
3,248,reject,0.0
3,249,reject,0.0
3,250,reject,0.0
3,251,reject,0.0
3,252,reject,0.0
3,253,reject,0.0
3,254,reject,0.0
3,255,reject,0.0
5,0,reject,7598000.0
5,1,reject,7747000.0
5,2,accept,14526000.0
5,3,reject,7793000.0
5,4,reject,7719000.0
5,5,reject,7799000.0
5,6,reject,7794000.0
5,7,reject,7768000.0
5,8,reject,7750000.0
5,9,reject,7849000.0
5,10,reject,7800000.0
5,11,reject,7835000.0
5,12,reject,7826000.0
5,13,reject,7782000.0
5,14,reject,7863000.0
5,15,reject,7997000.0
5,16,reject,7935000.0
5,17,reject,7864000.0
5,18,reject,7912000.0
5,19,reject,7877000.0
5,20,reject,7877000.0
5,21,reject,7917000.0
5,22,reject,7888000.0
5,23,reject,7997000.0
5,24,reject,8017000.0
5,25,reject,7953000.0
5,26,reject,7995000.0
5,27,reject,7973000.0
5,28,reject,7997000.0
5,29,reject,8092000.0
5,30,reject,8096000.0
5,31,reject,8081000.0
5,32,reject,8130000.0
5,33,reject,8175000.0
5,34,reject,8176000.0
5,35,reject,8234000.0
5,36,reject,8240000.0
5,37,reject,8343000.0
5,38,reject,8269000.0
5,39,reject,8250000.0
5,40,reject,8343000.0
5,41,reject,8301000.0
5,42,reject,8446000.0
5,43,reject,8475000.0
5,44,reject,8383000.0
5,45,reject,8500000.0
5,46,reject,8448000.0
5,47,reject,8521000.0
5,48,reject,8659000.0
5,49,reject,8681000.0
5,50,reject,8615000.0
5,51,reject,8733000.0
5,52,reject,8720000.0
5,53,reject,8722000.0
5,54,reject,8801000.0
5,55,reject,8866000.0
5,56,reject,8873000.0
5,57,reject,8910000.0
5,58,reject,8982000.0
5,59,reject,8986000.0
5,60,reject,9011000.0
5,61,reject,9119000.0
5,62,reject,9124000.0
5,63,reject,9163000.0
5,64,reject,9187000.0
5,65,reject,9271000.0
5,66,reject,9337000.0
5,67,reject,9389000.0
5,68,reject,9496000.0
5,69,reject,9516000.0
5,70,reject,9502000.0
5,71,reject,9615000.0
5,72,reject,9566000.0
5,73,reject,9684000.0
5,74,reject,9646000.0
5,75,reject,9824000.0
5,76,reject,9782000.0
5,77,reject,9871000.0
5,78,reject,9973000.0
5,79,reject,9994000.0
5,80,reject,10049000.0
5,81,reject,10159000.0
5,82,reject,10163000.0
5,83,reject,10412000.0
5,84,reject,10298000.0
5,85,reject,10385000.0
5,86,reject,10534000.0
5,87,reject,10606000.0
5,88,reject,10699000.0
5,89,reject,10650000.0
5,90,reject,10782000.0
5,91,reject,10757000.0
5,92,reject,10839000.0
5,93,reject,10794000.0
5,94,reject,10992000.0
5,95,reject,11057000.0
5,96,reject,11200000.0
5,97,reject,11173000.0
5,98,reject,11291000.0
5,99,reject,11454000.0
5,100,reject,11434000.0
5,101,reject,11570000.0
5,102,reject,11559000.0
5,103,reject,11609000.0
5,104,reject,11784000.0
5,105,reject,11841000.0
5,106,reject,12008000.0
5,107,reject,12063000.0
5,108,reject,12123000.0
5,109,reject,12194000.0
5,110,reject,12235000.0
5,111,reject,12300000.0
5,112,reject,12388000.0
5,113,reject,12435000.0
5,114,reject,12586000.0
5,115,reject,12582000.0
5,116,reject,12729000.0
5,117,reject,12818000.0
5,118,reject,12903000.0
5,119,reject,12966000.0
5,120,reject,13015000.0
5,121,reject,13162000.0
5,122,reject,13301000.0
5,123,reject,13373000.0
5,124,reject,13399000.0
5,125,reject,13421000.0
5,126,reject,13563000.0
5,127,reject,13741000.0
5,128,reject,13768000.0
5,129,reject,13957000.0
5,130,reject,14041000.0
5,131,reject,14101000.0
5,132,reject,14291000.0
5,133,reject,14268000.0
5,134,reject,14353000.0
5,135,reject,14632000.0
5,136,reject,14643000.0
5,137,reject,14778000.0
5,138,reject,14691000.0
5,139,reject,14941000.0
5,140,reject,15061000.0
5,141,reject,15181000.0
5,142,reject,15372000.0
5,143,reject,15469000.0
5,144,reject,15506000.0
5,145,reject,15617000.0
5,146,reject,15840000.0
5,147,reject,15850000.0
5,148,reject,16098000.0
5,149,reject,16098000.0
5,150,reject,16273000.0
5,151,reject,16299000.0
5,152,reject,16363000.0
5,153,reject,16446000.0
5,154,reject,16546000.0
5,155,reject,16741000.0
5,156,reject,16809000.0
5,157,reject,16859000.0
5,158,reject,16923000.0
5,159,reject,17072000.0
5,160,reject,17274000.0
5,161,reject,17325000.0
5,162,reject,17474000.0
5,163,reject,17507000.0
5,164,reject,17741000.0
5,165,reject,17821000.0
5,166,reject,18047000.0
5,167,reject,18205000.0
5,168,reject,18348000.0
5,169,reject,18595000.0
5,170,reject,18648000.0
5,171,reject,18721000.0
5,172,reject,18885000.0
5,173,reject,18930000.0
5,174,reject,19078000.0
5,175,reject,19235000.0
5,176,reject,19399000.0
5,177,reject,19492000.0
5,178,reject,19607000.0
5,179,reject,19897000.0
5,180,reject,19943000.0
5,181,reject,20042000.0
5,182,reject,20310000.0
5,183,reject,20212000.0
5,184,reject,20379000.0
5,185,reject,20479000.0
5,186,reject,20569000.0
5,187,reject,20669000.0
5,188,reject,20746000.0
5,189,reject,20827000.0
5,190,reject,21145000.0
5,191,reject,21443000.0
5,192,reject,21480000.0
5,193,reject,21561000.0
5,194,reject,21746000.0
5,195,reject,21784000.0
5,196,reject,22047000.0
5,197,reject,22245000.0
5,198,reject,22483000.0
5,199,reject,22696000.0
5,200,reject,22760000.0
5,201,reject,22898000.0
5,202,reject,22960000.0
5,203,reject,23500000.0
5,204,reject,23319000.0
5,205,reject,23616000.0
5,206,reject,23713000.0
5,207,reject,23812000.0
5,208,reject,23967000.0
5,209,reject,24259000.0
5,210,reject,24292000.0
5,211,reject,24263000.0
5,212,reject,24460000.0
5,213,reject,24771000.0
5,214,reject,24678000.0
5,215,reject,25161000.0
5,216,reject,25218000.0
5,217,reject,25376000.0
5,218,reject,25350000.0
5,219,reject,25605000.0
5,220,reject,25761000.0
5,221,reject,26062000.0
5,222,reject,26281000.0
5,223,reject,26290000.0
5,224,reject,26652000.0
5,225,reject,26791000.0
5,226,reject,26977000.0
5,227,reject,27008000.0
5,228,reject,27053000.0
5,229,reject,27514000.0
5,230,reject,27605000.0
5,231,reject,27871000.0
5,232,reject,28047000.0
5,233,reject,28128000.0
5,234,reject,28241000.0
5,235,reject,28227000.0
5,236,reject,28505000.0
5,237,reject,28795000.0
5,238,reject,28962000.0
5,239,reject,29109000.0
5,240,reject,29136000.0
5,241,reject,29347000.0
5,242,reject,29534000.0
5,243,reject,29942000.0
5,244,reject,30060000.0
5,245,reject,30372000.0
5,246,reject,30407000.0
5,247,reject,30566000.0
5,248,reject,30712000.0
5,249,reject,31117000.0
5,250,reject,31224000.0
5,251,reject,31488000.0
5,252,reject,0.0
5,253,reject,31742000.0
5,254,reject,0.0
5,255,reject,0.0
